Order ID,Order Date,Region,Category,Product,Quantity,Unit Price,Revenue,Cost,Profit
ORD-1000,2024-04-24,North,Fashion,Backpack,2,79,183.84,139.72,44.12
ORD-1001,2024-04-14,North,Health & Beauty,Skincare Kit,1,69,79.0,51.35,27.65
ORD-1002,2024-08-26,North,Home & Kitchen,Lamp,2,59,117.99,86.13,31.86
ORD-1003,2024-10-11,North,Home & Kitchen,Lamp,3,59,189.67,138.46,51.21
ORD-1004,2024-08-08,East,Electronics,Laptop,4,899,4125.7,2970.5,1155.2
ORD-1005,2024-12-18,East,Electronics,Headphones,5,149,804.53,506.85,297.68
ORD-1006,2025-01-22,North,Fashion,Jacket,5,159,847.05,601.41,245.64
ORD-1007,2024-03-12,North,Home & Kitchen,Air Fryer,1,149,148.04,103.63,44.41
ORD-1008,2024-04-13,West,Fashion,Watch,3,219,800.05,544.03,256.02
ORD-1009,2024-12-29,South,Fashion,Shoes,5,119,558.79,413.5,145.29
ORD-1010,2025-06-30,South,Home & Kitchen,Lamp,4,59,212.78,155.33,57.45
ORD-1011,2024-08-12,East,Electronics,Smartphone,1,699,756.17,506.63,249.54
ORD-1012,2025-02-14,East,Electronics,Smartphone,5,699,3757.77,2517.71,1240.06
ORD-1013,2024-11-18,South,Health & Beauty,Vitamin Pack,4,39,172.03,123.86,48.17
ORD-1014,2024-05-22,South,Fashion,Watch,5,219,1206.09,820.14,385.95
ORD-1015,2024-08-12,South,Health & Beauty,Skincare Kit,1,69,66.06,42.94,23.12
ORD-1016,2024-06-05,South,Health & Beauty,Skincare Kit,4,69,259.55,168.71,90.84
ORD-1017,2025-04-24,East,Electronics,Laptop,5,899,5161.65,3716.39,1445.26
ORD-1018,2024-12-14,North,Fashion,Watch,2,219,443.46,301.55,141.91
ORD-1019,2024-09-26,South,Electronics,Tablet,5,499,2710.2,1924.24,785.96
ORD-1020,2024-06-05,East,Home & Kitchen,Blender,5,89,415.9,286.97,128.93
ORD-1021,2024-01-20,North,Fashion,Jacket,2,159,342.52,243.19,99.33
ORD-1022,2024-03-21,North,Health & Beauty,Skincare Kit,5,69,363.6,236.34,127.26
ORD-1023,2024-05-11,West,Home & Kitchen,Air Fryer,5,149,817.67,572.37,245.3
ORD-1024,2025-03-09,South,Home & Kitchen,Air Fryer,4,149,550.98,385.69,165.29
ORD-1025,2025-01-17,West,Health & Beauty,Skincare Kit,2,69,150.75,97.99,52.76
ORD-1026,2024-12-12,North,Home & Kitchen,Coffee Maker,1,129,125.51,82.84,42.67
ORD-1027,2024-03-01,South,Electronics,Laptop,3,899,3062.2,2204.78,857.42
ORD-1028,2024-08-31,East,Health & Beauty,Hair Dryer,5,99,524.34,367.04,157.3
ORD-1029,2025-04-29,South,Health & Beauty,Vitamin Pack,2,39,84.1,60.55,23.55
ORD-1030,2025-03-17,East,Health & Beauty,Vitamin Pack,4,39,159.87,115.11,44.76
ORD-1031,2024-02-25,North,Electronics,Headphones,3,149,493.32,310.79,182.53
ORD-1032,2024-04-21,South,Home & Kitchen,Coffee Maker,5,129,641.8,423.59,218.21
ORD-1033,2025-03-08,South,Fashion,Watch,2,219,439.31,298.73,140.58
ORD-1034,2024-03-18,West,Electronics,Laptop,5,899,5332.61,3839.48,1493.13
ORD-1035,2024-04-05,South,Home & Kitchen,Lamp,4,59,234.19,170.96,63.23
ORD-1036,2025-02-14,North,Home & Kitchen,Lamp,1,59,56.37,41.15,15.22
ORD-1037,2024-09-28,West,Fashion,Watch,5,219,1245.2,846.74,398.46
ORD-1038,2025-05-13,South,Home & Kitchen,Air Fryer,2,149,291.32,203.92,87.4
ORD-1039,2024-03-03,East,Electronics,Laptop,5,899,5140.58,3701.22,1439.36
ORD-1040,2025-06-27,South,Electronics,Laptop,2,899,1873.26,1348.75,524.51
ORD-1041,2024-03-10,South,Health & Beauty,Skincare Kit,5,69,357.58,232.43,125.15
ORD-1042,2024-02-10,North,Health & Beauty,Perfume,3,89,286.75,192.12,94.63
ORD-1043,2024-11-17,South,Fashion,Watch,2,219,471.58,320.67,150.91
ORD-1044,2024-11-03,West,Fashion,Shoes,1,119,145.23,107.47,37.76
ORD-1045,2024-04-12,North,Home & Kitchen,Air Fryer,2,149,302.2,211.54,90.66
ORD-1046,2024-03-11,South,Fashion,Jacket,2,159,330.92,234.95,95.97
ORD-1047,2024-11-05,North,Fashion,Shoes,2,119,281.47,208.29,73.18
ORD-1048,2024-04-19,South,Fashion,Jacket,5,159,866.12,614.95,251.17
ORD-1049,2024-12-17,South,Fashion,Watch,3,219,602.96,410.01,192.95
ORD-1050,2024-02-22,North,Health & Beauty,Perfume,1,89,97.14,65.08,32.06
ORD-1051,2024-05-13,East,Home & Kitchen,Lamp,5,59,307.13,224.2,82.93
ORD-1052,2024-01-10,North,Electronics,Smartphone,5,699,3992.93,2675.26,1317.67
ORD-1053,2025-01-13,South,Health & Beauty,Hair Dryer,1,99,96.47,67.53,28.94
ORD-1054,2024-02-10,East,Home & Kitchen,Coffee Maker,1,129,127.49,84.14,43.35
ORD-1055,2025-02-20,South,Home & Kitchen,Coffee Maker,2,129,234.24,154.6,79.64
ORD-1056,2024-01-26,South,Fashion,Watch,2,219,436.83,297.04,139.79
ORD-1057,2024-04-20,West,Electronics,Headphones,2,149,383.08,241.34,141.74
ORD-1058,2025-04-16,East,Fashion,Backpack,2,79,181.96,138.29,43.67
ORD-1059,2024-07-16,West,Fashion,Jacket,1,159,166.45,118.18,48.27
ORD-1060,2024-10-12,East,Health & Beauty,Perfume,1,89,99.75,66.83,32.92
ORD-1061,2024-09-24,South,Fashion,Shoes,1,119,122.21,90.44,31.77
ORD-1062,2024-12-19,East,Health & Beauty,Skincare Kit,4,69,258.7,168.16,90.54
ORD-1063,2024-07-13,East,Electronics,Headphones,1,149,160.44,101.08,59.36
ORD-1064,2024-07-20,East,Health & Beauty,Skincare Kit,3,69,204.61,133.0,71.61
ORD-1065,2024-05-07,East,Fashion,Watch,3,219,753.31,512.25,241.06
ORD-1066,2024-10-29,South,Home & Kitchen,Lamp,4,59,230.37,168.17,62.2
ORD-1067,2024-06-27,East,Health & Beauty,Skincare Kit,3,69,204.27,132.78,71.49
ORD-1068,2025-03-16,East,Health & Beauty,Vitamin Pack,4,39,162.46,116.97,45.49
ORD-1069,2025-06-07,West,Home & Kitchen,Blender,3,89,262.65,181.23,81.42
ORD-1070,2024-12-09,North,Home & Kitchen,Air Fryer,2,149,272.78,190.95,81.83
ORD-1071,2024-05-30,North,Electronics,Smartphone,4,699,3401.9,2279.27,1122.63
ORD-1072,2024-03-15,West,Health & Beauty,Hair Dryer,4,99,447.73,313.41,134.32
ORD-1073,2024-09-06,South,Electronics,Laptop,4,899,4034.33,2904.72,1129.61
ORD-1074,2025-06-14,West,Electronics,Smartphone,1,699,785.54,526.31,259.23
ORD-1075,2025-04-20,East,Health & Beauty,Vitamin Pack,5,39,212.72,153.16,59.56
ORD-1076,2024-06-11,West,Health & Beauty,Perfume,2,89,179.32,120.14,59.18
ORD-1077,2024-10-10,West,Home & Kitchen,Air Fryer,4,149,680.63,476.44,204.19
ORD-1078,2024-10-19,South,Fashion,Jacket,3,159,490.81,348.48,142.33
ORD-1079,2024-03-23,South,Home & Kitchen,Coffee Maker,4,129,489.52,323.08,166.44
ORD-1080,2024-08-07,North,Health & Beauty,Vitamin Pack,3,39,122.2,87.98,34.22
ORD-1081,2025-03-01,North,Home & Kitchen,Lamp,4,59,233.49,170.45,63.04
ORD-1082,2024-01-21,West,Health & Beauty,Skincare Kit,3,69,224.77,146.1,78.67
ORD-1083,2025-02-03,West,Home & Kitchen,Lamp,2,59,125.53,91.64,33.89
ORD-1084,2025-05-12,North,Health & Beauty,Perfume,4,89,397.25,266.16,131.09
ORD-1085,2025-04-23,South,Electronics,Headphones,5,149,834.65,525.83,308.82
ORD-1086,2024-01-28,North,Health & Beauty,Hair Dryer,4,99,414.01,289.81,124.2
ORD-1087,2024-09-23,West,Fashion,Backpack,4,79,369.51,280.83,88.68
ORD-1088,2025-01-23,East,Health & Beauty,Perfume,1,89,89.1,59.7,29.4
ORD-1089,2024-02-23,East,Home & Kitchen,Blender,1,89,85.06,58.69,26.37
ORD-1090,2024-09-10,South,Electronics,Smartphone,2,699,1580.23,1058.75,521.48
ORD-1091,2024-04-27,South,Health & Beauty,Perfume,3,89,286.18,191.74,94.44
ORD-1092,2024-04-27,South,Fashion,Shoes,5,119,657.98,486.91,171.07
ORD-1093,2024-11-15,West,Health & Beauty,Hair Dryer,1,99,117.13,81.99,35.14
ORD-1094,2024-09-05,North,Fashion,Shoes,5,119,638.71,472.65,166.06
ORD-1095,2024-12-21,West,Fashion,Shoes,5,119,621.5,459.91,161.59
ORD-1096,2024-01-13,West,Health & Beauty,Skincare Kit,4,69,283.42,184.22,99.2
ORD-1097,2025-04-15,South,Health & Beauty,Hair Dryer,5,99,496.23,347.36,148.87
ORD-1098,2024-10-03,West,Health & Beauty,Vitamin Pack,5,39,230.81,166.18,64.63
ORD-1099,2024-09-08,North,Fashion,Watch,2,219,471.46,320.59,150.87
ORD-1100,2025-01-23,East,Electronics,Headphones,3,149,494.91,311.79,183.12
ORD-1101,2024-08-05,East,Fashion,Jacket,3,159,484.21,343.79,140.42
ORD-1102,2024-10-09,North,Home & Kitchen,Blender,2,89,183.84,126.85,56.99
ORD-1103,2025-05-15,South,Health & Beauty,Vitamin Pack,4,39,162.98,117.35,45.63
ORD-1104,2024-04-05,East,Home & Kitchen,Lamp,2,59,123.7,90.3,33.4
ORD-1105,2025-01-12,West,Fashion,Watch,5,219,1209.56,822.5,387.06
ORD-1106,2025-04-09,East,Fashion,Jacket,2,159,363.37,257.99,105.38
ORD-1107,2024-07-16,East,Electronics,Smartphone,2,699,1543.5,1034.14,509.36
ORD-1108,2025-05-10,East,Fashion,Shoes,2,119,275.28,203.71,71.57
ORD-1109,2025-01-04,South,Fashion,Shoes,5,119,600.21,444.16,156.05
ORD-1110,2024-02-16,North,Fashion,Backpack,4,79,349.02,265.26,83.76
ORD-1111,2024-01-13,East,Health & Beauty,Vitamin Pack,4,39,157.86,113.66,44.2
ORD-1112,2024-02-22,East,Health & Beauty,Skincare Kit,1,69,71.5,46.48,25.02
ORD-1113,2024-03-16,North,Home & Kitchen,Coffee Maker,5,129,635.7,419.56,216.14
ORD-1114,2024-03-28,South,Electronics,Headphones,5,149,810.13,510.38,299.75
ORD-1115,2024-08-19,West,Health & Beauty,Vitamin Pack,3,39,124.72,89.8,34.92
ORD-1116,2025-03-15,East,Electronics,Laptop,2,899,2030.79,1462.17,568.62
ORD-1117,2024-09-27,North,Home & Kitchen,Coffee Maker,2,129,263.02,173.59,89.43
ORD-1118,2024-06-09,North,Health & Beauty,Vitamin Pack,5,39,193.3,139.18,54.12
ORD-1119,2024-02-03,South,Fashion,Jacket,4,159,663.22,470.89,192.33
ORD-1120,2024-08-27,East,Home & Kitchen,Lamp,1,59,57.39,41.89,15.5
ORD-1121,2024-06-01,East,Home & Kitchen,Blender,1,89,84.26,58.14,26.12
ORD-1122,2024-11-10,East,Health & Beauty,Skincare Kit,4,69,302.91,196.89,106.02
ORD-1123,2025-02-16,East,Health & Beauty,Vitamin Pack,1,39,39.76,28.63,11.13
ORD-1124,2025-03-18,East,Fashion,Shoes,1,119,131.18,97.07,34.11
ORD-1125,2024-01-22,East,Electronics,Smartphone,4,699,3010.95,2017.34,993.61
ORD-1126,2025-03-28,East,Home & Kitchen,Lamp,4,59,227.69,166.21,61.48
ORD-1127,2025-04-26,East,Health & Beauty,Perfume,3,89,285.84,191.51,94.33
ORD-1128,2024-06-13,East,Health & Beauty,Vitamin Pack,3,39,111.91,80.58,31.33
ORD-1129,2025-02-14,North,Health & Beauty,Skincare Kit,3,69,221.44,143.94,77.5
ORD-1130,2024-04-28,West,Electronics,Headphones,4,149,775.22,488.39,286.83
ORD-1131,2025-06-14,East,Health & Beauty,Vitamin Pack,1,39,38.75,27.9,10.85
ORD-1132,2024-05-14,East,Health & Beauty,Vitamin Pack,1,39,45.19,32.54,12.65
ORD-1133,2024-09-02,South,Fashion,Shoes,5,119,620.73,459.34,161.39
ORD-1134,2024-08-18,North,Health & Beauty,Skincare Kit,2,69,144.66,94.03,50.63
ORD-1135,2024-10-25,East,Health & Beauty,Vitamin Pack,4,39,173.03,124.58,48.45
ORD-1136,2024-05-28,West,Home & Kitchen,Coffee Maker,1,129,148.84,98.23,50.61
ORD-1137,2025-02-28,East,Fashion,Shoes,3,119,367.2,271.73,95.47
ORD-1138,2025-05-16,South,Health & Beauty,Vitamin Pack,3,39,127.04,91.47,35.57
ORD-1139,2025-01-21,West,Fashion,Backpack,2,79,171.07,130.01,41.06
ORD-1140,2024-08-27,West,Electronics,Tablet,4,499,2328.59,1653.3,675.29
ORD-1141,2025-01-25,West,Home & Kitchen,Lamp,1,59,61.72,45.06,16.66
ORD-1142,2024-12-05,North,Health & Beauty,Skincare Kit,5,69,329.47,214.16,115.31
ORD-1143,2024-01-16,South,Health & Beauty,Hair Dryer,1,99,95.2,66.64,28.56
ORD-1144,2024-09-28,East,Health & Beauty,Skincare Kit,3,69,212.35,138.03,74.32
ORD-1145,2025-06-30,West,Fashion,Watch,5,219,1202.79,817.9,384.89
ORD-1146,2024-03-11,South,Fashion,Backpack,1,79,82.24,62.5,19.74
ORD-1147,2024-04-10,North,Health & Beauty,Hair Dryer,3,99,317.86,222.5,95.36
ORD-1148,2024-02-17,East,Electronics,Tablet,3,499,1679.0,1192.09,486.91
ORD-1149,2024-05-29,South,Health & Beauty,Hair Dryer,2,99,217.78,152.45,65.33
ORD-1150,2025-01-26,South,Health & Beauty,Hair Dryer,2,99,190.52,133.36,57.16
ORD-1151,2024-09-17,West,Fashion,Shoes,4,119,530.35,392.46,137.89
ORD-1152,2024-06-10,North,Health & Beauty,Perfume,5,89,447.38,299.74,147.64
ORD-1153,2025-03-10,East,Health & Beauty,Perfume,2,89,180.29,120.79,59.5
ORD-1154,2025-05-09,North,Home & Kitchen,Lamp,5,59,322.42,235.37,87.05
ORD-1155,2024-10-29,East,Electronics,Headphones,3,149,545.74,343.82,201.92
ORD-1156,2024-02-20,West,Fashion,Backpack,5,79,431.65,328.05,103.6
ORD-1157,2024-08-12,South,Fashion,Backpack,1,79,76.86,58.41,18.45
ORD-1158,2024-02-10,East,Health & Beauty,Skincare Kit,5,69,358.58,233.08,125.5
ORD-1159,2024-05-14,North,Fashion,Jacket,4,159,757.61,537.9,219.71
ORD-1160,2024-05-15,East,Fashion,Backpack,3,79,260.25,197.79,62.46
ORD-1161,2025-05-08,East,Fashion,Shoes,4,119,520.49,385.16,135.33
ORD-1162,2024-05-24,South,Health & Beauty,Perfume,1,89,93.0,62.31,30.69
ORD-1163,2024-01-15,East,Electronics,Headphones,3,149,475.18,299.36,175.82
ORD-1164,2024-09-25,West,Fashion,Shoes,2,119,275.0,203.5,71.5
ORD-1165,2024-12-01,South,Electronics,Headphones,3,149,443.96,279.69,164.27
ORD-1166,2024-04-29,South,Electronics,Laptop,3,899,2912.3,2096.86,815.44
ORD-1167,2024-04-28,North,Home & Kitchen,Coffee Maker,4,129,544.97,359.68,185.29
ORD-1168,2025-03-05,South,Health & Beauty,Skincare Kit,4,69,277.44,180.34,97.1
ORD-1169,2024-10-13,North,Fashion,Backpack,4,79,358.6,272.54,86.06
ORD-1170,2024-08-29,East,Electronics,Tablet,5,499,2676.74,1900.49,776.25
ORD-1171,2025-01-02,North,Health & Beauty,Perfume,2,89,174.21,116.72,57.49
ORD-1172,2025-04-10,North,Home & Kitchen,Blender,1,89,91.4,63.07,28.33
ORD-1173,2024-09-06,South,Home & Kitchen,Blender,5,89,439.57,303.3,136.27
ORD-1174,2024-08-09,South,Fashion,Backpack,5,79,414.17,314.77,99.4
ORD-1175,2024-05-28,South,Fashion,Backpack,1,79,85.13,64.7,20.43
ORD-1176,2024-01-27,South,Electronics,Tablet,2,499,1026.14,728.56,297.58
ORD-1177,2024-01-17,South,Fashion,Shoes,2,119,228.15,168.83,59.32
ORD-1178,2025-06-22,North,Electronics,Headphones,4,149,621.72,391.68,230.04
ORD-1179,2025-06-09,North,Health & Beauty,Hair Dryer,5,99,508.08,355.66,152.42
ORD-1180,2025-06-17,East,Health & Beauty,Skincare Kit,1,69,64.12,41.68,22.44
ORD-1181,2025-02-15,West,Electronics,Headphones,4,149,732.55,461.51,271.04
ORD-1182,2024-03-23,East,Home & Kitchen,Blender,2,89,182.07,125.63,56.44
ORD-1183,2024-11-28,West,Fashion,Watch,5,219,1320.0,897.6,422.4
ORD-1184,2024-04-11,North,Home & Kitchen,Lamp,4,59,240.26,175.39,64.87
ORD-1185,2025-02-27,East,Health & Beauty,Vitamin Pack,4,39,157.27,113.23,44.04
ORD-1186,2024-11-16,West,Fashion,Jacket,3,159,558.18,396.31,161.87
ORD-1187,2025-04-30,North,Electronics,Laptop,1,899,1081.36,778.58,302.78
ORD-1188,2025-01-16,South,Electronics,Tablet,1,499,520.74,369.73,151.01
ORD-1189,2025-03-09,North,Fashion,Jacket,3,159,541.71,384.61,157.1
ORD-1190,2025-06-03,South,Home & Kitchen,Lamp,2,59,101.37,74.0,27.37
ORD-1191,2024-12-24,East,Electronics,Tablet,5,499,2672.31,1897.34,774.97
ORD-1192,2025-03-15,North,Fashion,Shoes,2,119,266.59,197.28,69.31
ORD-1193,2024-11-12,East,Fashion,Shoes,2,119,262.34,194.13,68.21
ORD-1194,2025-02-14,North,Home & Kitchen,Blender,1,89,86.8,59.89,26.91
ORD-1195,2024-08-08,West,Health & Beauty,Vitamin Pack,3,39,132.25,95.22,37.03
ORD-1196,2024-11-15,East,Electronics,Laptop,2,899,2227.04,1603.47,623.57
ORD-1197,2024-02-20,North,Fashion,Watch,4,219,937.64,637.6,300.04
ORD-1198,2025-03-28,West,Fashion,Backpack,5,79,469.98,357.18,112.8
ORD-1199,2025-03-16,North,Fashion,Watch,5,219,1187.02,807.17,379.85
ORD-1200,2024-02-16,South,Health & Beauty,Skincare Kit,1,69,69.79,45.36,24.43
ORD-1201,2024-08-04,South,Fashion,Jacket,3,159,495.46,351.78,143.68
ORD-1202,2025-05-24,West,Home & Kitchen,Coffee Maker,4,129,582.89,384.71,198.18
ORD-1203,2024-08-23,East,Electronics,Headphones,1,149,166.27,104.75,61.52
ORD-1204,2025-04-15,North,Fashion,Watch,5,219,1246.77,847.8,398.97
ORD-1205,2025-03-03,East,Electronics,Headphones,1,149,163.46,102.98,60.48
ORD-1206,2024-06-24,West,Fashion,Shoes,4,119,488.94,361.82,127.12
ORD-1207,2024-09-06,West,Health & Beauty,Skincare Kit,4,69,302.28,196.48,105.8
ORD-1208,2024-12-13,South,Fashion,Backpack,1,79,74.97,56.98,17.99
ORD-1209,2024-04-26,South,Fashion,Jacket,2,159,345.72,245.46,100.26
ORD-1210,2024-05-29,East,Home & Kitchen,Coffee Maker,5,129,703.01,463.99,239.02
ORD-1211,2024-03-18,South,Health & Beauty,Vitamin Pack,5,39,193.64,139.42,54.22
ORD-1212,2025-04-04,East,Fashion,Backpack,4,79,362.62,275.59,87.03
ORD-1213,2025-03-28,East,Fashion,Shoes,3,119,384.61,284.61,100.0
ORD-1214,2024-11-13,West,Health & Beauty,Skincare Kit,1,69,83.17,54.06,29.11
ORD-1215,2024-10-20,North,Electronics,Headphones,4,149,708.08,446.09,261.99
ORD-1216,2024-02-12,West,Home & Kitchen,Air Fryer,5,149,779.4,545.58,233.82
ORD-1217,2024-06-03,North,Health & Beauty,Skincare Kit,3,69,196.45,127.69,68.76
ORD-1218,2024-03-27,South,Electronics,Smartphone,4,699,2939.59,1969.53,970.06
ORD-1219,2025-06-20,South,Fashion,Jacket,3,159,457.32,324.7,132.62
ORD-1220,2024-12-12,North,Fashion,Shoes,3,119,372.23,275.45,96.78
ORD-1221,2025-01-30,East,Fashion,Backpack,3,79,249.84,189.88,59.96
ORD-1222,2024-05-24,East,Fashion,Watch,2,219,494.21,336.06,158.15
ORD-1223,2024-03-27,East,Health & Beauty,Perfume,2,89,185.45,124.25,61.2
ORD-1224,2025-06-23,North,Health & Beauty,Perfume,1,89,89.01,59.64,29.37
ORD-1225,2024-07-03,South,Fashion,Watch,2,219,438.27,298.02,140.25
ORD-1226,2024-05-20,South,Electronics,Tablet,1,499,576.75,409.49,167.26
ORD-1227,2025-06-23,North,Fashion,Backpack,5,79,402.48,305.88,96.6
ORD-1228,2024-06-15,South,Home & Kitchen,Lamp,1,59,52.58,38.38,14.2
ORD-1229,2024-08-31,West,Fashion,Watch,2,219,489.6,332.93,156.67
ORD-1230,2024-11-12,West,Home & Kitchen,Air Fryer,5,149,809.8,566.86,242.94
ORD-1231,2025-04-17,East,Health & Beauty,Vitamin Pack,2,39,82.47,59.38,23.09
ORD-1232,2024-05-21,East,Electronics,Headphones,3,149,535.85,337.59,198.26
ORD-1233,2024-04-15,North,Fashion,Shoes,2,119,273.94,202.72,71.22
ORD-1234,2025-06-09,South,Health & Beauty,Skincare Kit,2,69,125.11,81.32,43.79
ORD-1235,2024-12-23,North,Health & Beauty,Skincare Kit,4,69,272.86,177.36,95.5
ORD-1236,2024-08-29,West,Electronics,Tablet,2,499,1231.13,874.1,357.03
ORD-1237,2024-04-11,East,Home & Kitchen,Coffee Maker,1,129,135.45,89.4,46.05
ORD-1238,2025-04-28,South,Health & Beauty,Vitamin Pack,5,39,211.76,152.47,59.29
ORD-1239,2024-03-22,North,Fashion,Backpack,2,79,172.99,131.47,41.52
ORD-1240,2025-06-24,West,Electronics,Tablet,2,499,1136.02,806.57,329.45
ORD-1241,2024-02-18,South,Health & Beauty,Vitamin Pack,1,39,39.74,28.61,11.13
ORD-1242,2025-05-26,North,Home & Kitchen,Coffee Maker,3,129,420.53,277.55,142.98
ORD-1243,2024-12-27,South,Health & Beauty,Hair Dryer,1,99,92.01,64.41,27.6
ORD-1244,2025-01-04,North,Electronics,Headphones,4,149,680.5,428.71,251.79
ORD-1245,2025-01-31,East,Fashion,Shoes,3,119,354.92,262.64,92.28
ORD-1246,2024-12-19,South,Electronics,Tablet,2,499,1041.8,739.68,302.12
ORD-1247,2024-12-12,South,Health & Beauty,Vitamin Pack,2,39,70.75,50.94,19.81
ORD-1248,2024-03-05,West,Electronics,Tablet,2,499,1264.39,897.72,366.67
ORD-1249,2024-07-23,North,Fashion,Jacket,5,159,832.88,591.34,241.54
ORD-1250,2025-04-29,East,Electronics,Smartphone,3,699,2488.73,1667.45,821.28
ORD-1251,2024-02-18,East,Fashion,Shoes,3,119,376.22,278.4,97.82
ORD-1252,2025-02-13,West,Health & Beauty,Perfume,2,89,195.69,131.11,64.58
ORD-1253,2025-05-24,East,Fashion,Shoes,4,119,560.37,414.67,145.7
ORD-1254,2024-07-03,East,Fashion,Shoes,1,119,122.96,90.99,31.97
ORD-1255,2024-10-29,East,Health & Beauty,Vitamin Pack,2,39,83.36,60.02,23.34
ORD-1256,2024-12-25,West,Electronics,Tablet,5,499,2677.79,1901.23,776.56
ORD-1257,2024-10-08,North,Electronics,Headphones,3,149,534.05,336.45,197.6
ORD-1258,2024-06-12,North,Home & Kitchen,Lamp,1,59,57.15,41.72,15.43
ORD-1259,2024-08-29,East,Fashion,Watch,5,219,1192.66,811.01,381.65
ORD-1260,2024-06-06,West,Fashion,Jacket,4,159,657.85,467.07,190.78
ORD-1261,2024-05-20,East,Health & Beauty,Perfume,3,89,303.93,203.63,100.3
ORD-1262,2024-04-26,North,Home & Kitchen,Lamp,5,59,313.29,228.7,84.59
ORD-1263,2024-04-30,East,Fashion,Watch,2,219,465.09,316.26,148.83
ORD-1264,2024-10-19,West,Home & Kitchen,Blender,2,89,190.59,131.51,59.08
ORD-1265,2025-04-07,South,Health & Beauty,Skincare Kit,3,69,212.87,138.37,74.5
ORD-1266,2024-03-07,East,Fashion,Backpack,2,79,166.16,126.28,39.88
ORD-1267,2025-06-04,South,Electronics,Smartphone,2,699,1436.81,962.66,474.15
ORD-1268,2025-05-20,North,Fashion,Jacket,4,159,719.01,510.5,208.51
ORD-1269,2024-05-12,North,Electronics,Tablet,4,499,2349.21,1667.94,681.27
ORD-1270,2025-05-05,West,Health & Beauty,Skincare Kit,2,69,158.06,102.74,55.32
ORD-1271,2024-03-16,West,Health & Beauty,Perfume,2,89,194.82,130.53,64.29
ORD-1272,2024-07-05,South,Health & Beauty,Skincare Kit,1,69,66.08,42.95,23.13
ORD-1273,2024-11-07,South,Home & Kitchen,Air Fryer,2,149,307.06,214.94,92.12
ORD-1274,2025-06-15,East,Electronics,Tablet,2,499,1033.31,733.65,299.66
ORD-1275,2024-10-08,South,Fashion,Shoes,5,119,625.53,462.89,162.64
ORD-1276,2024-06-06,South,Fashion,Shoes,1,119,116.97,86.56,30.41
ORD-1277,2024-09-28,South,Health & Beauty,Skincare Kit,4,69,271.06,176.19,94.87
ORD-1278,2024-10-23,East,Health & Beauty,Hair Dryer,4,99,437.3,306.11,131.19
ORD-1279,2024-03-15,North,Home & Kitchen,Lamp,4,59,241.96,176.63,65.33
ORD-1280,2024-07-27,East,Home & Kitchen,Air Fryer,3,149,415.82,291.07,124.75
ORD-1281,2024-12-19,West,Home & Kitchen,Air Fryer,5,149,730.03,511.02,219.01
ORD-1282,2024-11-22,South,Health & Beauty,Skincare Kit,3,69,222.6,144.69,77.91
ORD-1283,2024-05-24,North,Electronics,Tablet,4,499,2376.88,1687.58,689.3
ORD-1284,2025-03-04,South,Home & Kitchen,Air Fryer,5,149,705.13,493.59,211.54
ORD-1285,2024-07-13,South,Health & Beauty,Vitamin Pack,4,39,144.9,104.33,40.57
ORD-1286,2025-05-24,North,Electronics,Headphones,5,149,918.19,578.46,339.73
ORD-1287,2024-09-03,South,Fashion,Shoes,1,119,125.45,92.83,32.62
ORD-1288,2025-04-26,East,Electronics,Laptop,4,899,4346.15,3129.23,1216.92
ORD-1289,2024-09-27,East,Health & Beauty,Perfume,1,89,94.84,63.54,31.3
ORD-1290,2024-07-18,East,Fashion,Shoes,4,119,484.71,358.69,126.02
ORD-1291,2024-10-13,North,Home & Kitchen,Blender,4,89,378.5,261.16,117.34
ORD-1292,2024-12-13,East,Home & Kitchen,Coffee Maker,5,129,593.67,391.82,201.85
ORD-1293,2025-05-27,North,Electronics,Laptop,2,899,2168.8,1561.54,607.26
ORD-1294,2025-04-30,West,Home & Kitchen,Coffee Maker,3,129,411.57,271.64,139.93
ORD-1295,2024-11-22,South,Health & Beauty,Perfume,5,89,483.04,323.64,159.4
ORD-1296,2025-06-05,West,Fashion,Watch,1,219,234.14,159.22,74.92
ORD-1297,2024-04-22,West,Fashion,Shoes,5,119,706.23,522.61,183.62
ORD-1298,2024-08-21,North,Health & Beauty,Hair Dryer,5,99,513.24,359.27,153.97
ORD-1299,2025-01-24,South,Home & Kitchen,Blender,5,89,390.33,269.33,121.0
ORD-1300,2024-04-22,South,Electronics,Headphones,3,149,506.9,319.35,187.55
ORD-1301,2025-02-26,South,Health & Beauty,Vitamin Pack,1,39,37.84,27.24,10.6
ORD-1302,2025-06-15,South,Fashion,Watch,5,219,1050.73,714.5,336.23
ORD-1303,2024-06-26,West,Fashion,Jacket,3,159,499.82,354.87,144.95
ORD-1304,2024-07-15,South,Fashion,Jacket,2,159,299.66,212.76,86.9
ORD-1305,2024-10-31,East,Home & Kitchen,Lamp,3,59,182.91,133.52,49.39
ORD-1306,2024-10-07,East,Electronics,Headphones,4,149,680.46,428.69,251.77
ORD-1307,2024-05-29,East,Electronics,Tablet,1,499,608.61,432.11,176.5
ORD-1308,2025-03-28,East,Health & Beauty,Hair Dryer,2,99,203.54,142.48,61.06
ORD-1309,2024-10-04,East,Home & Kitchen,Blender,5,89,449.87,310.41,139.46
ORD-1310,2024-09-02,South,Electronics,Smartphone,2,699,1589.65,1065.07,524.58
ORD-1311,2025-02-27,East,Health & Beauty,Skincare Kit,2,69,147.68,95.99,51.69
ORD-1312,2024-06-10,West,Health & Beauty,Vitamin Pack,2,39,79.15,56.99,22.16
ORD-1313,2024-10-21,East,Fashion,Shoes,1,119,130.14,96.3,33.84
ORD-1314,2024-08-25,North,Home & Kitchen,Lamp,2,59,113.25,82.67,30.58
ORD-1315,2024-02-07,West,Health & Beauty,Hair Dryer,3,99,316.16,221.31,94.85
ORD-1316,2024-01-10,East,Electronics,Tablet,3,499,1620.78,1150.75,470.03
ORD-1317,2025-06-20,West,Home & Kitchen,Lamp,3,59,178.8,130.52,48.28
ORD-1318,2024-04-25,East,Home & Kitchen,Lamp,3,59,179.28,130.87,48.41
ORD-1319,2024-01-15,East,Fashion,Backpack,2,79,159.46,121.19,38.27
ORD-1320,2025-02-19,West,Fashion,Shoes,4,119,526.06,389.28,136.78
ORD-1321,2024-07-08,South,Health & Beauty,Perfume,2,89,177.74,119.09,58.65
ORD-1322,2025-01-27,South,Health & Beauty,Perfume,3,89,260.32,174.41,85.91
ORD-1323,2024-01-12,East,Fashion,Backpack,1,79,79.35,60.31,19.04
ORD-1324,2025-04-21,East,Home & Kitchen,Lamp,5,59,293.61,214.34,79.27
ORD-1325,2024-11-14,North,Fashion,Jacket,5,159,943.54,669.91,273.63
ORD-1326,2024-05-16,West,Home & Kitchen,Lamp,5,59,337.67,246.5,91.17
ORD-1327,2025-04-27,South,Home & Kitchen,Blender,5,89,442.86,305.57,137.29
ORD-1328,2025-01-05,North,Electronics,Laptop,5,899,4778.24,3440.33,1337.91
ORD-1329,2024-07-26,South,Home & Kitchen,Air Fryer,5,149,682.12,477.48,204.64
ORD-1330,2024-07-29,West,Electronics,Headphones,1,149,172.51,108.68,63.83
ORD-1331,2025-06-09,West,Health & Beauty,Skincare Kit,5,69,358.82,233.23,125.59
ORD-1332,2024-11-11,North,Health & Beauty,Perfume,1,89,99.13,66.42,32.71
ORD-1333,2024-03-15,North,Health & Beauty,Perfume,1,89,95.59,64.05,31.54
ORD-1334,2024-03-02,North,Health & Beauty,Skincare Kit,3,69,224.8,146.12,78.68
ORD-1335,2024-05-18,West,Fashion,Watch,4,219,1032.55,702.13,330.42
ORD-1336,2025-01-21,West,Electronics,Smartphone,3,699,2495.41,1671.92,823.49
ORD-1337,2025-02-06,South,Home & Kitchen,Blender,1,89,80.13,55.29,24.84
ORD-1338,2025-04-19,West,Health & Beauty,Hair Dryer,2,99,230.68,161.48,69.2
ORD-1339,2024-06-07,East,Home & Kitchen,Blender,1,89,79.87,55.11,24.76
ORD-1340,2025-03-05,North,Home & Kitchen,Coffee Maker,1,129,136.48,90.08,46.4
ORD-1341,2024-02-04,West,Electronics,Smartphone,1,699,836.42,560.4,276.02
ORD-1342,2024-08-27,South,Electronics,Smartphone,5,699,3572.58,2393.63,1178.95
ORD-1343,2024-08-27,East,Fashion,Backpack,3,79,240.66,182.9,57.76
ORD-1344,2025-06-17,South,Health & Beauty,Perfume,3,89,257.73,172.68,85.05
ORD-1345,2024-06-28,West,Health & Beauty,Skincare Kit,3,69,206.72,134.37,72.35
ORD-1346,2025-01-25,East,Health & Beauty,Vitamin Pack,2,39,79.2,57.02,22.18
ORD-1347,2024-07-07,West,Home & Kitchen,Coffee Maker,3,129,380.92,251.41,129.51
ORD-1348,2024-05-27,West,Electronics,Headphones,4,149,763.81,481.2,282.61
ORD-1349,2024-05-17,West,Home & Kitchen,Air Fryer,2,149,342.32,239.62,102.7
ORD-1350,2024-03-21,West,Fashion,Shoes,5,119,673.03,498.04,174.99
ORD-1351,2024-07-14,North,Fashion,Watch,5,219,1127.77,766.88,360.89
ORD-1352,2024-03-15,South,Home & Kitchen,Lamp,2,59,110.28,80.5,29.78
ORD-1353,2024-12-06,East,Electronics,Smartphone,2,699,1407.57,943.07,464.5
ORD-1354,2024-04-30,West,Home & Kitchen,Coffee Maker,4,129,549.54,362.7,186.84
ORD-1355,2024-11-25,East,Health & Beauty,Vitamin Pack,5,39,214.74,154.61,60.13
ORD-1356,2024-11-11,East,Fashion,Watch,4,219,1029.64,700.16,329.48
ORD-1357,2025-04-25,East,Home & Kitchen,Air Fryer,3,149,464.46,325.12,139.34
ORD-1358,2024-08-14,South,Electronics,Tablet,5,499,2563.4,1820.01,743.39
ORD-1359,2025-03-03,East,Home & Kitchen,Coffee Maker,3,129,397.3,262.22,135.08
ORD-1360,2024-09-08,West,Fashion,Jacket,4,159,704.63,500.29,204.34
ORD-1361,2025-05-17,West,Home & Kitchen,Air Fryer,2,149,347.67,243.37,104.3
ORD-1362,2025-05-15,South,Electronics,Laptop,1,899,1001.17,720.84,280.33
ORD-1363,2024-02-19,North,Health & Beauty,Hair Dryer,2,99,215.0,150.5,64.5
ORD-1364,2024-06-03,North,Home & Kitchen,Lamp,3,59,172.36,125.82,46.54
ORD-1365,2025-05-09,West,Electronics,Laptop,5,899,5763.33,4149.6,1613.73
ORD-1366,2024-01-13,North,Fashion,Jacket,1,159,165.14,117.25,47.89
ORD-1367,2025-03-16,South,Electronics,Laptop,5,899,5071.63,3651.57,1420.06
ORD-1368,2024-07-15,East,Fashion,Jacket,4,159,670.6,476.13,194.47
ORD-1369,2025-02-19,West,Home & Kitchen,Coffee Maker,3,129,397.85,262.58,135.27
ORD-1370,2024-03-23,North,Electronics,Headphones,4,149,700.85,441.54,259.31
ORD-1371,2025-05-02,North,Electronics,Smartphone,1,699,858.44,575.15,283.29
ORD-1372,2025-03-20,East,Electronics,Laptop,2,899,2101.61,1513.16,588.45
ORD-1373,2025-05-01,East,Electronics,Laptop,3,899,3139.77,2260.63,879.14
ORD-1374,2024-02-03,South,Fashion,Shoes,2,119,237.88,176.03,61.85
ORD-1375,2025-02-11,North,Fashion,Backpack,5,79,431.42,327.88,103.54
ORD-1376,2025-02-02,East,Health & Beauty,Hair Dryer,1,99,101.74,71.22,30.52
ORD-1377,2024-12-20,North,Electronics,Headphones,2,149,309.25,194.83,114.42
ORD-1378,2024-12-14,West,Fashion,Shoes,3,119,368.62,272.78,95.84
ORD-1379,2025-04-06,West,Home & Kitchen,Air Fryer,5,149,791.64,554.15,237.49
ORD-1380,2025-03-18,South,Health & Beauty,Skincare Kit,5,69,356.15,231.5,124.65
ORD-1381,2024-09-09,North,Electronics,Tablet,2,499,1173.3,833.04,340.26
ORD-1382,2024-06-06,West,Fashion,Jacket,1,159,173.87,123.45,50.42
ORD-1383,2024-11-11,West,Fashion,Jacket,1,159,199.29,141.5,57.79
ORD-1384,2024-07-10,West,Health & Beauty,Vitamin Pack,1,39,43.29,31.17,12.12
ORD-1385,2024-12-28,North,Fashion,Watch,1,219,224.71,152.8,71.91
ORD-1386,2025-02-01,North,Home & Kitchen,Coffee Maker,4,129,527.94,348.44,179.5
ORD-1387,2024-10-02,East,Fashion,Watch,2,219,502.82,341.92,160.9
ORD-1388,2025-03-21,East,Health & Beauty,Perfume,4,89,367.38,246.14,121.24
ORD-1389,2025-01-04,East,Home & Kitchen,Lamp,5,59,277.16,202.33,74.83
ORD-1390,2025-04-13,North,Home & Kitchen,Air Fryer,1,149,150.9,105.63,45.27
ORD-1391,2024-12-06,West,Fashion,Watch,3,219,698.82,475.2,223.62
ORD-1392,2024-05-19,East,Fashion,Backpack,4,79,364.96,277.37,87.59
ORD-1393,2025-02-11,East,Fashion,Watch,5,219,1120.95,762.25,358.7
ORD-1394,2024-11-29,West,Fashion,Watch,3,219,824.73,560.82,263.91
ORD-1395,2024-07-23,South,Electronics,Headphones,2,149,310.27,195.47,114.8
ORD-1396,2024-10-25,North,Health & Beauty,Vitamin Pack,2,39,85.42,61.5,23.92
ORD-1397,2024-09-04,East,Home & Kitchen,Lamp,4,59,245.36,179.11,66.25
ORD-1398,2025-05-05,West,Health & Beauty,Skincare Kit,3,69,242.66,157.73,84.93
ORD-1399,2024-03-28,North,Home & Kitchen,Air Fryer,2,149,301.39,210.97,90.42
ORD-1400,2024-02-15,West,Fashion,Watch,1,219,255.51,173.75,81.76
ORD-1401,2024-09-21,South,Home & Kitchen,Lamp,3,59,172.22,125.72,46.5
ORD-1402,2025-05-27,South,Fashion,Shoes,4,119,537.07,397.43,139.64
ORD-1403,2025-03-01,North,Electronics,Smartphone,3,699,2479.2,1661.06,818.14
ORD-1404,2025-04-11,South,Health & Beauty,Perfume,4,89,383.74,257.11,126.63
ORD-1405,2025-04-08,East,Electronics,Tablet,1,499,570.11,404.78,165.33
ORD-1406,2024-04-27,North,Fashion,Shoes,2,119,259.21,191.82,67.39
ORD-1407,2024-09-06,South,Home & Kitchen,Air Fryer,5,149,722.78,505.95,216.83
ORD-1408,2025-04-18,South,Health & Beauty,Hair Dryer,2,99,204.09,142.86,61.23
ORD-1409,2025-03-18,West,Electronics,Smartphone,4,699,3386.36,2268.86,1117.5
ORD-1410,2025-02-02,North,Home & Kitchen,Coffee Maker,3,129,377.24,248.98,128.26
ORD-1411,2024-03-05,North,Home & Kitchen,Air Fryer,3,149,469.24,328.47,140.77
ORD-1412,2024-04-26,East,Health & Beauty,Perfume,5,89,487.73,326.78,160.95
ORD-1413,2025-02-05,North,Fashion,Jacket,4,159,673.29,478.04,195.25
ORD-1414,2024-10-31,North,Home & Kitchen,Air Fryer,1,149,160.18,112.13,48.05
ORD-1415,2024-04-29,South,Fashion,Backpack,5,79,424.11,322.32,101.79
ORD-1416,2024-05-21,West,Health & Beauty,Hair Dryer,4,99,466.83,326.78,140.05
ORD-1417,2024-06-26,South,Health & Beauty,Perfume,2,89,170.08,113.95,56.13
ORD-1418,2025-04-06,North,Fashion,Shoes,4,119,553.98,409.95,144.03
ORD-1419,2025-01-28,West,Health & Beauty,Vitamin Pack,4,39,163.68,117.85,45.83
ORD-1420,2025-03-30,West,Home & Kitchen,Blender,5,89,496.43,342.54,153.89
ORD-1421,2024-08-13,East,Electronics,Tablet,2,499,1104.31,784.06,320.25
ORD-1422,2024-06-21,West,Health & Beauty,Skincare Kit,5,69,369.2,239.98,129.22
ORD-1423,2025-01-10,North,Health & Beauty,Hair Dryer,4,99,416.67,291.67,125.0
ORD-1424,2024-09-10,East,Electronics,Headphones,3,149,516.65,325.49,191.16
ORD-1425,2024-03-30,West,Electronics,Smartphone,2,699,1662.11,1113.61,548.5
ORD-1426,2024-12-25,West,Home & Kitchen,Coffee Maker,2,129,247.48,163.34,84.14
ORD-1427,2024-03-01,East,Fashion,Backpack,3,79,245.29,186.42,58.87
ORD-1428,2024-10-26,East,Fashion,Shoes,2,119,253.46,187.56,65.9
ORD-1429,2025-02-25,North,Fashion,Backpack,2,79,172.44,131.05,41.39
ORD-1430,2024-11-25,South,Health & Beauty,Vitamin Pack,2,39,82.99,59.75,23.24
ORD-1431,2024-10-02,West,Health & Beauty,Vitamin Pack,1,39,44.78,32.24,12.54
ORD-1432,2024-04-05,West,Fashion,Jacket,4,159,725.04,514.78,210.26
ORD-1433,2024-12-01,North,Electronics,Headphones,3,149,463.43,291.96,171.47
ORD-1434,2025-02-11,South,Health & Beauty,Hair Dryer,4,99,398.42,278.89,119.53
ORD-1435,2024-10-17,East,Home & Kitchen,Lamp,3,59,176.61,128.93,47.68
ORD-1436,2024-02-19,North,Electronics,Headphones,1,149,173.95,109.59,64.36
ORD-1437,2024-06-10,West,Health & Beauty,Skincare Kit,4,69,293.26,190.62,102.64
ORD-1438,2024-05-15,East,Home & Kitchen,Air Fryer,1,149,155.8,109.06,46.74
ORD-1439,2024-09-13,North,Fashion,Backpack,1,79,87.6,66.58,21.02
ORD-1440,2024-11-08,South,Health & Beauty,Skincare Kit,1,69,76.96,50.02,26.94
ORD-1441,2025-05-03,North,Home & Kitchen,Coffee Maker,5,129,686.32,452.97,233.35
ORD-1442,2024-01-10,North,Fashion,Shoes,4,119,486.49,360.0,126.49
ORD-1443,2025-05-04,North,Home & Kitchen,Lamp,1,59,62.51,45.63,16.88
ORD-1444,2024-04-14,North,Fashion,Jacket,3,159,555.12,394.14,160.98
ORD-1445,2024-05-16,South,Electronics,Laptop,5,899,5133.7,3696.26,1437.44
ORD-1446,2025-03-26,East,Home & Kitchen,Coffee Maker,4,129,513.06,338.62,174.44
ORD-1447,2025-03-29,South,Electronics,Laptop,2,899,1929.52,1389.25,540.27
ORD-1448,2025-01-28,East,Health & Beauty,Perfume,2,89,181.5,121.6,59.9
ORD-1449,2024-03-27,South,Fashion,Shoes,3,119,378.68,280.22,98.46
ORD-1450,2025-06-05,South,Health & Beauty,Perfume,1,89,80.92,54.22,26.7
ORD-1451,2024-09-02,West,Health & Beauty,Skincare Kit,2,69,155.96,101.37,54.59
ORD-1452,2024-03-13,North,Fashion,Jacket,2,159,352.89,250.55,102.34
ORD-1453,2025-03-06,East,Home & Kitchen,Lamp,1,59,61.62,44.98,16.64
ORD-1454,2024-03-10,North,Fashion,Backpack,1,79,83.79,63.68,20.11
ORD-1455,2025-02-11,East,Health & Beauty,Vitamin Pack,4,39,165.91,119.46,46.45
ORD-1456,2024-06-05,East,Electronics,Tablet,1,499,522.04,370.65,151.39
ORD-1457,2024-07-27,South,Fashion,Watch,5,219,1059.27,720.3,338.97
ORD-1458,2024-03-08,East,Health & Beauty,Hair Dryer,1,99,106.86,74.8,32.06
ORD-1459,2025-03-20,North,Health & Beauty,Skincare Kit,3,69,220.02,143.01,77.01
ORD-1460,2024-06-28,North,Electronics,Smartphone,1,699,767.38,514.14,253.24
ORD-1461,2024-12-21,East,Home & Kitchen,Air Fryer,2,149,268.78,188.15,80.63
ORD-1462,2024-10-02,North,Electronics,Tablet,4,499,2432.68,1727.2,705.48
ORD-1463,2024-03-06,East,Electronics,Headphones,4,149,679.67,428.19,251.48
ORD-1464,2024-02-26,West,Home & Kitchen,Air Fryer,2,149,317.48,222.24,95.24
ORD-1465,2024-04-15,North,Home & Kitchen,Blender,1,89,90.84,62.68,28.16
ORD-1466,2024-01-13,South,Electronics,Headphones,3,149,467.55,294.56,172.99
ORD-1467,2024-06-02,South,Electronics,Headphones,2,149,304.15,191.61,112.54
ORD-1468,2025-03-02,East,Fashion,Shoes,5,119,648.21,479.68,168.53
ORD-1469,2025-05-29,North,Home & Kitchen,Coffee Maker,5,129,668.82,441.42,227.4
ORD-1470,2025-02-14,North,Health & Beauty,Perfume,3,89,283.88,190.2,93.68
ORD-1471,2025-04-12,North,Fashion,Backpack,3,79,266.29,202.38,63.91
ORD-1472,2024-11-07,South,Health & Beauty,Perfume,5,89,457.8,306.73,151.07
ORD-1473,2024-07-19,South,Home & Kitchen,Blender,4,89,337.25,232.7,104.55
ORD-1474,2024-12-20,North,Fashion,Shoes,4,119,466.12,344.93,121.19
ORD-1475,2024-11-10,North,Home & Kitchen,Coffee Maker,4,129,557.79,368.14,189.65
ORD-1476,2024-03-02,South,Fashion,Shoes,1,119,118.88,87.97,30.91
ORD-1477,2025-06-16,West,Fashion,Watch,1,219,230.04,156.43,73.61
ORD-1478,2025-06-01,South,Health & Beauty,Skincare Kit,5,69,319.45,207.64,111.81
ORD-1479,2025-03-21,South,Home & Kitchen,Air Fryer,3,149,418.42,292.89,125.53
ORD-1480,2025-02-06,East,Fashion,Watch,3,219,704.04,478.75,225.29
ORD-1481,2024-07-26,South,Electronics,Smartphone,1,699,744.32,498.69,245.63
ORD-1482,2025-04-22,East,Health & Beauty,Skincare Kit,5,69,379.08,246.4,132.68
ORD-1483,2024-07-31,West,Fashion,Watch,3,219,694.62,472.34,222.28
ORD-1484,2024-04-02,South,Fashion,Shoes,2,119,246.1,182.11,63.99
ORD-1485,2024-12-01,South,Electronics,Smartphone,3,699,2127.18,1425.21,701.97
ORD-1486,2024-02-20,East,Fashion,Backpack,1,79,79.7,60.57,19.13
ORD-1487,2025-04-08,South,Electronics,Headphones,1,149,163.58,103.06,60.52
ORD-1488,2024-05-23,North,Electronics,Laptop,2,899,2276.06,1638.76,637.3
ORD-1489,2025-02-14,East,Electronics,Tablet,1,499,575.96,408.93,167.03
ORD-1490,2024-03-07,South,Health & Beauty,Hair Dryer,1,99,97.09,67.96,29.13
ORD-1491,2024-12-05,North,Electronics,Headphones,1,149,163.52,103.02,60.5
ORD-1492,2025-03-19,West,Health & Beauty,Skincare Kit,4,69,307.15,199.65,107.5
ORD-1493,2024-06-25,East,Home & Kitchen,Coffee Maker,3,129,363.01,239.59,123.42
ORD-1494,2024-06-01,North,Home & Kitchen,Air Fryer,4,149,563.96,394.77,169.19
ORD-1495,2025-05-05,North,Electronics,Tablet,4,499,2525.37,1793.01,732.36
ORD-1496,2024-07-23,South,Electronics,Headphones,3,149,463.82,292.21,171.61
ORD-1497,2025-05-11,East,Fashion,Watch,3,219,767.17,521.68,245.49
ORD-1498,2024-11-22,South,Electronics,Tablet,1,499,562.27,399.21,163.06
ORD-1499,2025-04-28,East,Home & Kitchen,Coffee Maker,1,129,135.88,89.68,46.2
